filepath,xmin,xmax,ymin,ymax
./Kaggle data set/google_images\0073797c-a755-4972-b76b-8ef2b31d44ab___new_IMG_20160315_071740.jpg.xml,140,339,210,260
./Kaggle data set/google_images\00b42b2c-f193-4863-b92c-0245cbc816da___3e7fd381-0ae5-4421-8a70-279ee0ec1c61_Nissan-Terrano-Petrol-Review-Images-Black-Front-Angle.xml,184,292,572,648
./Kaggle data set/google_images\018b52e6-e9a1-42c2-8ce7-0617e8c8e021___3e7fd381-0ae5-4421-8a70-279ee0ec1c61_sbtb02_auto1.xml,327,399,202,227
./Kaggle data set/google_images\03273806-bb1e-48da-8c8b-a0133a90197a___2014-Skoda-Yeti-Test-Drive.jpg.xml,185,374,290,339
./Kaggle data set/google_images\0369b20e-b432-4409-90f9-2420877aa386___8151536c79159a1557421da5f27f9f0e.jpg.xml,335,453,313,347
./Kaggle data set/google_images\07064c2c-2aa3-4419-91a4-92916de8e54c___mahindra-scorpio-old-car-500x500.jpg.xml,205,335,290,353
./Kaggle data set/google_images\074d85b8-42ec-4d17-9b8e-9e51ae060243___hqdefault.jpg.xml,142,316,148,230
./Kaggle data set/google_images\07aaab79-71ee-4ea3-a9e6-640191183947___3e7fd381-0ae5-4421-8a70-279ee0ec1c61_1208484d1392541449-nissan-terrano-official-review-img_20140215_181708.xml,1301,1814,1715,1876
./Kaggle data set/google_images\07bd977e-d578-49a2-b345-7cee5a4db6bf___new_1031520d1356604430-skoda-rapid-joins-family-edit-sold-wp_000281.jpg.xml,158,365,204,254
./Kaggle data set/google_images\07e787a7-6cc3-482c-9ce5-f0ce115b47f1___new_VW-Polo-GT-TSI-badges-on-the-boot-lid.jpg.xml,28,342,29,106
./Kaggle data set/google_images\07f6d77a-652e-4885-8520-6d405d2f712f___3e7fd381-0ae5-4421-8a70-279ee0ec1c61_840539077_1_1080x720_nissan-terrano-xl-d-thp-110-ps-2016-diesel-.xml,398,617,427,487
./Kaggle data set/google_images\0850c175-0b8d-47f2-801c-e29f1dbdb367___3e7fd381-0ae5-4421-8a70-279ee0ec1c61_571.xml,374,596,275,382
./Kaggle data set/google_images\092c497e-623d-499d-822a-4b01c657389b___3e7fd381-0ae5-4421-8a70-279ee0ec1c61_nissan-terrano-rear-left-rim.xml,111,172,164,183
./Kaggle data set/google_images\0a0d1748-48cd-4114-90cb-b5baf0b3cbe4___3e7fd381-0ae5-4421-8a70-279ee0ec1c61_147274518_15141875973_large.xml,189,329,321,353
./Kaggle data set/google_images\0a720df9-e4ef-4e44-8c13-b39b9be8444d___3e7fd381-0ae5-4421-8a70-279ee0ec1c61_Nissan-Terrano-6.xml,101,242,323,374
./Kaggle data set/google_images\0b24d6ed-d32f-420d-bc18-03deece29073___2015-Maruti-Ciaz-Test-Drive-Review.jpg.xml,384,489,213,247
./Kaggle data set/google_images\0b77e2a4-34db-486c-8d87-46186f5b7b88___3e7fd381-0ae5-4421-8a70-279ee0ec1c61_nissan-terrano-diesel-review-motorzest-04.xml,421,500,308,338
./Kaggle data set/google_images\0c9ebe94-827d-4c74-9950-6816e70d1bab___IMG_8883.jpg.xml,185,324,114,148
./Kaggle data set/google_images\10c96324-3452-43e2-aa68-c8ae7d3c1b6e___844874771_1_1080x720_maruti-suzuki-wagon-r-vxi-bs-iii-2014-petrol-.jpg.xml,138,348,249,301
./Kaggle data set/google_images\11186c4c-5f17-49b1-af37-a138a1e53794___12837944763_e7c6c6381a_z.jpg.xml,221,432,190,233
./Kaggle data set/google_images\11832b13-d514-4f1d-967c-d00e76d21e9b___Yellow-Number-Plate-With-Black-Lettering.jpg.xml,121,244,163,202
./Kaggle data set/google_images\125b5cda-9691-47aa-8e57-f6d8a8537d83___fancy_number_plates_in_india.jpg.xml,52,401,87,175
./Kaggle data set/google_images\12e26859-89e0-4c9b-9c59-ee793337464f___20.jpg.xml,155,286,194,232
./Kaggle data set/google_images\13ffaad4-a186-46bd-ae5d-924d1c8d7c50___maruti-suzuki-Baleno-RS-pics-48.jpg.xml,646,734,329,389
./Kaggle data set/google_images\1438b735-2d21-4879-8ed4-e5fa086e70c8___Maruti-Suzuki-Swift-Dzire-1.jpg.xml,189,333,266,303
./Kaggle data set/google_images\15e7c19f-da3c-4f0d-91f3-552afabc8961___41FxrEl7jHL.jpg.xml,145,368,99,154
./Kaggle data set/google_images\165eaa92-8e90-44e6-b132-8af462bae0c9___scorpio-rear.JPG.xml,42,106,129,158
./Kaggle data set/google_images\175ff546-0679-4cbb-ab03-acfcd96877b7___Maruti_Wagon_R_Rear.jpg.xml,192,362,278,325
./Kaggle data set/google_images\18d2b870-7817-46da-a59a-6406c1b472c9___1033.xml,113,255,283,323
./Kaggle data set/google_images\18f2e55e-0724-4eee-a28e-5d552a5aa045___20455d0e2dca458f13fbf4da5a2dc118.jpg - Copy.xml,152,285,165,242
./Kaggle data set/google_images\18f2e55e-0724-4eee-a28e-5d552a5aa045___20455d0e2dca458f13fbf4da5a2dc118.jpg.xml,115,286,158,249
./Kaggle data set/google_images\1a0da3dc-6667-4092-bc2a-a541a06f1e90___3e7fd381-0ae5-4421-8a70-279ee0ec1c61_Nissan-Terrano9.xml,198,369,373,416
./Kaggle data set/google_images\1e7151e6-8626-4fb2-b7e8-0fb6a8fde713___3e7fd381-0ae5-4421-8a70-279ee0ec1c61_a19be5870f8f2593c994c465a691477e_555X416_1.xml,233,322,225,258
./Kaggle data set/google_images\1f0a7fe8-ac9b-4b54-9d55-e11f34f9f98b___9f6521b2ddb7b8e40ffd510966ffcca3.jpg.xml,314,377,108,144
./Kaggle data set/google_images\206c95ff-83b8-4273-b105-6637bf9a3038___numerix-number-plates-thodupuzha-idukki-number-plate-dealers-1lhwiga.jpg.xml,624,1715,537,1008
./Kaggle data set/google_images\20dd73fd-9e05-4bdc-b380-d8148b194ae7___Maruti-Swift-Number-Plates-Design.jpg.xml,333,856,215,411
./Kaggle data set/google_images\2153dfcb-5968-4bfc-86ba-7ee8ec2d25b1___163231d1425035435-skoda-rapid-tdi-remapped-code-6-tuning-ind-front.jpg.xml,61,238,360,408
./Kaggle data set/google_images\21cc678a-b9c5-4bbb-ace0-9e096e799632___unnamed-300x225.jpg - Copy.xml,24,58,97,120
./Kaggle data set/google_images\21cc678a-b9c5-4bbb-ace0-9e096e799632___unnamed-300x225.jpg.xml,82,146,181,224
./Kaggle data set/google_images\22dc6b5f-ff5d-4bb4-beb2-0f5fd9e75787___i10_Latest_Acrylic_Number_Plate.jpg.xml,144,342,166,212
./Kaggle data set/google_images\2302b12c-3d74-4d6c-b376-ba8ab308a8c3___big_215451_1320738450.jpg.xml,129,206,131,156
./Kaggle data set/google_images\23d775eb-842f-4f57-ad7a-affafa21660a___215453-new-2016-maruti-ertiga-granite-grey-zdi-shvs-highway-champion-img_8168.jpg.xml,98,297,267,365
./Kaggle data set/google_images\2424211e-e6ba-4478-8ed1-6a04e25499c7___main-qimg-7673aeac86d0ef987deb837552c5dd4c-1.xml,141,305,282,325
./Kaggle data set/google_images\2430703d-0fb3-4eb2-9765-4f9301f232cd___3e7fd381-0ae5-4421-8a70-279ee0ec1c61_Terrano-Duster-Rear-Comparison - Copy.xml,450,692,272,327
./Kaggle data set/google_images\2430703d-0fb3-4eb2-9765-4f9301f232cd___3e7fd381-0ae5-4421-8a70-279ee0ec1c61_Terrano-Duster-Rear-Comparison.xml,595,808,264,317
./Kaggle data set/google_images\254b647f-4cb3-46c3-a206-4e70041f4c78___speedex-number-plates-nandanam-chennai-car-number-plate-dealers-33nu2i6.jpg.xml,119,219,84,109
./Kaggle data set/google_images\266d82c7-1b64-44cd-b77c-c08d98175390___3e7fd381-0ae5-4421-8a70-279ee0ec1c61_5c752daa8d168dec865fe0462bf2c0bb_large.xml,165,287,360,387
./Kaggle data set/google_images\26cfb3dd-3731-4fd0-a6c2-c44e3ce7498a___used_cars_in_keralaused_bikes_in_keralaautomotive_news7.jpg.xml,166,325,277,328
./Kaggle data set/google_images\26d2b905-4055-41fe-a933-47db0e8a0a7f___37cba8c3f681f0cb5694f16a4c54aa7b.jpg.xml,44,109,207,259
./Kaggle data set/google_images\27a88c24-0bf2-48b0-98a8-fa396e951045___3e7fd381-0ae5-4421-8a70-279ee0ec1c61_7T4G0491-e1376988169395-1024x577.xml,591,695,292,340
./Kaggle data set/google_images\27bfd7b7-6e0c-454c-b9f3-7a44d36edb9c___3e7fd381-0ae5-4421-8a70-279ee0ec1c61_nissan-terrano-rear-right-side-angle-view.xml,91,229,327,401
./Kaggle data set/google_images\28574c06-ac11-422e-864f-a51b726bb9ba___3e7fd381-0ae5-4421-8a70-279ee0ec1c61_hqdefault0.xml,122,210,205,229
./Kaggle data set/google_images\28fc10e3-681b-4086-9c15-28934ae86f7e___3e7fd381-0ae5-4421-8a70-279ee0ec1c61_nissan-terrano-amt_827x510_71478504527.xml,116,182,282,320
./Kaggle data set/google_images\2adfb5e7-e70a-4749-b5fa-8c233c0d47d9___new_1572920d1478091901-your-favourite-number-plate-font-jetta-german-font.jpg.xml,155,372,92,147
./Kaggle data set/google_images\2c9306ab-3454-4ca0-89fd-db3f51dabcef___3e7fd381-0ae5-4421-8a70-279ee0ec1c61_Nissan-Terrano-front-three-quarters-on-plain-ground.xml,141,349,512,611
./Kaggle data set/google_images\2e23964b-ce59-4bcf-8c35-98f3a096a748___design-ind-number-plates-vijayanagar-bangalore-number-plate-dealers-2etqybj.jpg.xml,1,702,46,401
./Kaggle data set/google_images\2fbe224b-e775-4c74-b975-fd66d2397ef6___3e7fd381-0ae5-4421-8a70-279ee0ec1c61_Nissan-Terrano.xml,710,774,345,374
./Kaggle data set/google_images\304b14b8-dc3c-41cb-94b6-635864e2e964___number-plate-protector-car-safeplate-250x250.jpg.xml,10,244,87,176
./Kaggle data set/google_images\31847e78-6696-4dc2-be08-cb37d512c576___2010_Maruti_WagonR_Review.jpg.xml,29,161,265,325
./Kaggle data set/google_images\319f51dc-9db2-4977-a43d-09561cdd54ab___1415806d1442489743t-raging-red-rover-r3-my-mahindra-scorpio-s10-4x4-nudge-guard.jpg.xml,271,502,1,59
./Kaggle data set/google_images\346a6946-ae0a-4b3f-b094-d971124b2064___banner_3.xml,326,574,186,231
./Kaggle data set/google_images\347c849b-6cfa-4edb-af1f-b29bdad25c4d___new_New-Volkswagen-Polo.jpg.xml,20,136,128,158
./Kaggle data set/google_images\3515f71d-cdd6-4050-ae68-7b7afd4c0a11___8.xml,79,332,155,243
./Kaggle data set/google_images\351a22eb-bf0a-44d6-8b6d-5ffca753c261___bike-number-plate-500x500.jpg.xml,111,258,113,188
./Kaggle data set/google_images\369ccb4b-88fe-4e97-91c1-3838da2b7563___3e7fd381-0ae5-4421-8a70-279ee0ec1c61_Honda-Jazz-Number-Plates-Designs.xml,181,430,126,249
./Kaggle data set/google_images\377b225b-e978-4e7c-8e5e-f10d8effc336___Maruti-Suzuki-Ignis-Rear-view-94486.jpg.xml,154,315,230,277
./Kaggle data set/google_images\38cee3dd-dead-4ba0-b350-0f82d94836da___3e7fd381-0ae5-4421-8a70-279ee0ec1c61_big_467860_1505633598.xml,310,409,340,365
./Kaggle data set/google_images\3bc3f147-2d6b-484a-8481-4a49fd8afe23___3e7fd381-0ae5-4421-8a70-279ee0ec1c61_844581764_1_1080x720_nissan-terrano-xv-d-thp-110-ps-2013-diesel-faridabad.xml,192,393,513,554
./Kaggle data set/google_images\3c0a3772-d18d-4ff7-861c-7e50b7974edb___1393874-take-look-number-plate-imageuploadedbyteambhp1437414250.447892.jpg.xml,155,338,195,249
./Kaggle data set/google_images\3d7cd880-ea4b-4d63-9706-bea1df54af20___135712d1400874352-skoda-rapid-1-6tdi-cr-mt-elegance-ultima-candy-white-white-monster-1911216_676392609084007_1524722860_o.jpg.xml,297,490,259,306
./Kaggle data set/google_images\3f677265-d5fa-439f-be23-feaacce22c49___3e7fd381-0ae5-4421-8a70-279ee0ec1c61_848126147_2_1080x720_nissan-terrano-xl-d-plus-2014-diesel-upload-photos.xml,135,263,235,269
./Kaggle data set/google_images\3fd93f90-f778-4f14-8b0f-67dd0be88a06___561644d1308248087-beware-fake-registration-numbers-imported-cars-proof-pg-3-257491_10150223034216705_685851704_7325894_6 - Copy.xml,141,269,249,283
./Kaggle data set/google_images\3fd93f90-f778-4f14-8b0f-67dd0be88a06___561644d1308248087-beware-fake-registration-numbers-imported-cars-proof-pg-3-257491_10150223034216705_685851704_7325894_6829197_o.jpg.xml,77,178,200,258
./Kaggle data set/google_images\3febea0e-53c0-4b30-880c-3061458b93ce___Maruti-Vitara-Brezza-rear-end-full-review.jpg.xml,346,569,182,307
./Kaggle data set/google_images\40204d5c-c847-4437-90db-3e2d05a27761___33.jpg.xml,95,325,87,295
./Kaggle data set/google_images\41209caa-2aa2-4003-b057-e0508c1d5ac9___Volkswagen-Ameo-Exterior-68165.jpg.xml,201,273,202,227
./Kaggle data set/google_images\41de2ad0-3785-488e-9f1f-75b76f446cc7___Maruti-Alto-K10-Photos-2.jpg.xml,130,304,305,354
./Kaggle data set/google_images\422aaf6f-dd4a-450f-ac6b-65966ab512d0___1431956d1446017445-number-plates-merchandise-canvas-ink-gurgaon-edit-closed-thumb_img_4418_1024.jpg.xml,297,558,422,493
./Kaggle data set/google_images\4434b404-dd10-4150-b226-b76b6ef95e43___new_224489195_8_1000x700_skoda-superb-2010-.jpg.xml,140,306,157,208
./Kaggle data set/google_images\44ee098a-c33c-47a2-9dcb-717c02d5a240___3e7fd381-0ae5-4421-8a70-279ee0ec1c61_2013-Nissan-Terrano-Front.xml,267,500,511,574
./Kaggle data set/google_images\49bdf0d9-4e64-41eb-9c19-eabdc4afb051___Maruti-Suzuki-Ciaz-Photos-30.JPG.xml,198,355,135,177
./Kaggle data set/google_images\4b669e6d-4eec-4f46-b502-f64ee0175947___new_1.xml,138,436,54,163
./Kaggle data set/google_images\4be1ff39-b2ad-45e0-9c9a-0e7215cbb5b6___2.jpg.xml,1,300,81,160
./Kaggle data set/google_images\4eb236a3-6547-4103-b46f-3756d21128a9___06-Sanjay-Dutt.jpg.xml,85,256,387,449
./Kaggle data set/google_images\4ed4509a-18ed-44cd-bfe3-b1cce982e365___3e7fd381-0ae5-4421-8a70-279ee0ec1c61_Nissan-Terrano-3.xml,285,490,322,375
./Kaggle data set/google_images\4f86fbad-3a04-4c11-a8fa-e897727fc2c7___Number-plate-1.jpg.xml,314,569,313,400
./Kaggle data set/google_images\504e7c29-e1dc-48c9-ace6-738cf934e368___2017-skoda-octavia-rs-12.jpg.xml,292,424,184,235
./Kaggle data set/google_images\51d58875-0bdc-4488-84d9-8b7ad5883863___new_Maruti-Suzuki-Ignis-Rear-view-94486.jpg.xml,102,210,152,186
./Kaggle data set/google_images\5231116f-7a07-4ce2-b437-d34b497e7969___3e7fd381-0ae5-4421-8a70-279ee0ec1c61_844329566_3_1080x720_nissan-terrano-xe-d-2014-diesel-.xml,187,351,342,384
./Kaggle data set/google_images\52abe2c4-fde3-45b2-beec-f070e6ed98c7___Volkswagen-Vento-Rear-view-46765.jpg.xml,251,370,198,227
./Kaggle data set/google_images\52b45060-9645-47c7-882d-b69a5bf07eff___1006372d1351343820-my-new-maruti-swift-zxi-21102012241.jpg.xml,219,345,315,353
./Kaggle data set/google_images\5345a45f-8d1b-4984-b5ee-a69fc4cbda6a___new__bd7f7862-d727-11e7-ad30-e18a56154311.jpg.xml,362,434,174,196
./Kaggle data set/google_images\55aa4ee8-13fd-45bd-b83b-651ac665d71a___200560387_4_1000x700_2012-toyota-innova-diesel-130000-kms-cars.jpg.xml,156,324,240,280
./Kaggle data set/google_images\56b46df3-223c-42c8-a6bf-e95e5bac29cc___9214a754343030395508e104d7948167_large.jpg.xml,131,355,438,489
./Kaggle data set/google_images\5747d3e8-4dd0-435f-942d-34b84f03344c___Maruti-Suzuki-Swift-Number-Plates-Design.jpg.xml,142,337,251,303
./Kaggle data set/google_images\57e92915-935a-4a91-91f8-f3ad70040a6e___3e7fd381-0ae5-4421-8a70-279ee0ec1c61_847071203_1_1080x720_nissan-terrano-xv-d-thp-premium-110-ps-2015-diesel-ghaziabad.xml,179,344,586,620
./Kaggle data set/google_images\581e2224-3640-4bad-9d90-c2076a9f64f4___617609.jpg.xml,170,285,161,184
./Kaggle data set/google_images\59a29a85-30f5-469e-a6c2-e1af171f151c___3e7fd381-0ae5-4421-8a70-279ee0ec1c61_10187746494_417a40a489 - Copy.xml,103,166,181,198
./Kaggle data set/google_images\59a40238-6b01-4bb9-9faf-3b595e67bcb3___3d-font-number-plate-500x500.jpg.xml,174,289,228,252
./Kaggle data set/google_images\59e121dc-ebc6-4e4c-ba88-7fe04b569218___Autopsyches-Skoda-Laura-6.jpg.xml,289,447,217,257
./Kaggle data set/google_images\5a4780bf-d2af-4f19-a36b-65004cd06b3d___maruti-suzuki-wagon-r-rear-left-rim.jpg.xml,102,168,138,159
./Kaggle data set/google_images\5ac9f7b9-f7cc-4161-bbd1-7f377bb890bf___3e7fd381-0ae5-4421-8a70-279ee0ec1c61_Nissan-Terrano-John-Abraham.xml,252,401,310,344
./Kaggle data set/google_images\5b49ae32-c799-45e3-b139-9c56acf6370d___2014-Volkswagen-Polo-Review.jpg.xml,401,584,426,470
./Kaggle data set/google_images\5c85a40f-ce81-44b4-82b2-dfdac281217d___new_Skoda-Octavia-1.8-TSI-5.jpg.xml,179,300,210,239
./Kaggle data set/google_images\5cbd7465-ad12-4e6b-8eaf-d7056c3852f8___New-2018-Maruti-Suzuki-Swift-radiator-grille-600x398.jpg.xml,341,490,242,288
./Kaggle data set/google_images\60842fa7-0a2e-4407-b41c-933d93bdbb35___3e7fd381-0ae5-4421-8a70-279ee0ec1c61_nissan-terrano-red-rear.xml,146,237,215,244
./Kaggle data set/google_images\6254bb73-d8a1-4f04-89a9-92caef98e233___1658240d1500548920-close-look-2017-skoda-octavia-facelift-hands-free-parking-front-bumper.jpg.xml,1206,2492,975,1287
./Kaggle data set/google_images\62b58053-425c-4924-b129-c4a6580f3562___product-500x5001.xml,231,434,82,156
./Kaggle data set/google_images\6578ae52-8431-4854-ba24-756888891756___1496414894_2017-maruti-suzuki-ciaz.jpg.xml,295,426,170,221
./Kaggle data set/google_images\658af519-5290-4ae5-8dd6-694bab9aa458___3e7fd381-0ae5-4421-8a70-279ee0ec1c61_848765390_1_1080x720_nissan-terrano-xl-d-plus-2014-diesel-coimbatore.xml,225,343,462,488
./Kaggle data set/google_images\65e2825e-943f-48a3-a4e2-7e81d649ace2___3e7fd381-0ae5-4421-8a70-279ee0ec1c61_nissan-terrano-L.xml,134,252,259,299
./Kaggle data set/google_images\6767eddd-bf2f-4270-aa1f-6146738895ab___3e7fd381-0ae5-4421-8a70-279ee0ec1c61_Nissan-Terrano-20300.xml,353,424,214,247
./Kaggle data set/google_images\684f079f-6085-420c-8e4e-e1aed270fc05___Toyota-Fortuner-Number-Plates-Design.jpg.xml,541,769,390,458
./Kaggle data set/google_images\69b56ab9-accd-4c67-aa7a-a884c018e5ab___speedex-number-plates-nandanam-chennai-car-number-plate-dealers-3zh7n2s.jpg.xml,341,602,948,1014
./Kaggle data set/google_images\6bf2730d-82bf-43ac-8802-b61315d85b96___2017-Skoda-Octavia-rear-high-revealed-for-India-images.jpg.xml,108,261,235,276
./Kaggle data set/google_images\6cd15e75-3e26-41f2-a6aa-b1b58dec1c48___volkswagen-polo-exquisite-limited-edition-m1_720x540.jpg.xml,18,89,246,312
./Kaggle data set/google_images\6d69b523-72b7-4be9-a79f-428ef8148dcd___81auoS-H8eL._SX425_.jpg.xml,80,369,7,278
./Kaggle data set/google_images\6e52e238-927b-46e0-a8f1-5f77ef1ecf9f___3e7fd381-0ae5-4421-8a70-279ee0ec1c61_nissan-terrano-rear.xml,162,281,235,266
./Kaggle data set/google_images\6e772b68-a549-44e5-950e-4c376454c4e9___1557295d1474517501-toyota-innova-crysta-official-review-20160921_173216.jpg.xml,198,440,233,293
./Kaggle data set/google_images\6ec9d264-9eab-4027-bdcc-6f71c842ee75___3e7fd381-0ae5-4421-8a70-279ee0ec1c61_846635891_1_1080x720_nissan-terrano-xl-d-thp-110-ps-2013-diesel-dehra-dun.xml,142,356,448,500
./Kaggle data set/google_images\6ed8b283-5cf5-4727-9969-c79f70f47e80___2-cars-same-numbers.jpg.xml,72,161,145,175
./Kaggle data set/google_images\6f680368-4a15-464a-b314-7f9cd0f3db11___91852d1232463201-high-security-registration-plates-hsrp-india-num1.jpg.xml,206,351,167,288
./Kaggle data set/google_images\6f78077e-a3a1-4fb9-89ba-5870d75ccdb8___Innova_Crysta_Car_Euro_number_Plates.jpg.xml,166,281,101,134
./Kaggle data set/google_images\7070d6ac-5425-4d33-a78e-a48c62d0fac5___Honda-Jazz-Number-Plate-Designs.jpg.xml,76,546,134,295
./Kaggle data set/google_images\7073bd18-c0bf-47da-9e43-8c9d27831f11___new_Skoda-Laura-rear.jpg.xml,198,300,162,186
./Kaggle data set/google_images\712ecd95-753f-4d67-ae42-e8b5254e6e94___28iam53.jpg.xml,36,186,195,278
./Kaggle data set/google_images\72894c2b-5999-4d87-baa4-e3507548e011___3e7fd381-0ae5-4421-8a70-279ee0ec1c61_847602356_1_1080x720_nissan-terrano-xl-d-2014-diesel-bilaspur.xml,696,802,366,442
./Kaggle data set/google_images\730a2f83-cd53-4943-8922-af9d4fcad415___new_2.xml,144,369,82,230
./Kaggle data set/google_images\7506a48d-2c70-4b12-b300-463754bc7837___165979d1427773878-new-volkswagen-vento-2016-launched-india-vw-vento-facelift-rear-india-spotted-test.jpg.xml,335,535,272,319
./Kaggle data set/google_images\760ba77a-8992-4574-8cba-6c081d9e3e19___3e7fd381-0ae5-4421-8a70-279ee0ec1c61_04f4c639c871fba0b4cc6475604e40b7_large.xml,95,193,262,285
./Kaggle data set/google_images\7616cb19-df24-4d29-b679-5252391a547f___Skoda-Laura-rear.jpg.xml,316,479,260,296
./Kaggle data set/google_images\77d1f81a-bee6-487c-aff2-0efa31a9925c____bd7f7862-d727-11e7-ad30-e18a56154311.jpg.xml,582,699,280,315
./Kaggle data set/google_images\78a85f8b-de01-4036-ae91-2a1fa48bcf9f___new_995920d1349421647-cappuccino-beige-czech-tank-here-my-skoda-laura-2-0-elegance-mt-20121005_121433.jpg.xml,148,336,221,266
./Kaggle data set/google_images\79094948-25d3-418e-86fc-3c2d62917f62___513039-volkswagen-vento-test-drive-review-06032011612.jpg.xml,1049,2247,934,1311
./Kaggle data set/google_images\7c6227ed-9e92-4062-9591-b172cb32ec10___3e7fd381-0ae5-4421-8a70-279ee0ec1c61_Honda-Jazz-Front-Number-Plates-Designs.xml,54,599,79,189
./Kaggle data set/google_images\7c8229d7-7e37-41a6-9262-d5da278c8d8e___139379d1243147524-ok-have-dealers-name-number-plate-1.jpg.xml,259,729,200,347
./Kaggle data set/google_images\7f369852-27b9-4141-8c48-9e88b20743a6___new_Mahindra-Scorpio-Taillamps-Night.JPG.xml,148,380,214,270
./Kaggle data set/google_images\7f768bfc-4c86-4fff-932d-c9871a82dce5___1431955d1446017445-number-plates-merchandise-canvas-ink-gurgaon-edit-closed-thumb_img_4422_1024.jpg.xml,254,472,516,570
./Kaggle data set/google_images\7f7e27cc-930a-46cb-b3af-6e43da8b566d___3e7fd381-0ae5-4421-8a70-279ee0ec1c61_Nissan-Terrano-Petrol-Review-Images-Black-Front-Grille-720x480.xml,419,590,322,414
./Kaggle data set/google_images\8187c22d-5fa4-4976-9c00-80b2ab66b97d___1290890d1411349145-take-look-number-plate-img_20140903_093600_hdr.jpg.xml,94,241,241,321
./Kaggle data set/google_images\84969111-2ec3-4914-b3bb-da5aaac701e7___1.jpg.xml,47,106,229,250
./Kaggle data set/google_images\85bd88a0-ac9a-412e-ba44-2a29d209e212___4336_1466054535_9.jpg.xml,165,285,189,228
./Kaggle data set/google_images\85d7e25d-5aa1-4e5f-9c4e-4e671f14ddbe___77cca4b6f3864b3928824a030ba101d2.jpg.xml,177,312,521,552
./Kaggle data set/google_images\8625b831-13a1-4b7d-9466-826cd6d36c67___1304650d1414861991-number-plates-merchandise-canvas-ink-gurgaon-edit-closed-10471269_1537317779842156_5063668061078329632_n.jpg.xml,285,498,352,398
./Kaggle data set/google_images\868b996f-1f40-47ca-8222-b0f2750d7010___3e7fd381-0ae5-4421-8a70-279ee0ec1c61_nissan-terrano-left-side-view.xml,84,132,130,148
./Kaggle data set/google_images\88294212-f11c-46a7-a91a-04c9da19efa6___DSC_8221-L.jpg.xml,232,316,194,234
./Kaggle data set/google_images\8906af57-0d29-417d-ac46-408425527b57___VW-Vento-TDI-CNG-Spy-Pic-2.jpg.xml,246,373,239,296
./Kaggle data set/google_images\89d26be7-258a-4470-b0fe-d1df57b20d55___new_Skoda-Octavia-5.jpg.xml,185,249,209,230
./Kaggle data set/google_images\8b5431f9-7d6f-43ed-853d-350ca058ff2a___3e7fd381-0ae5-4421-8a70-279ee0ec1c61_2014-Nissan-Terrano1.xml,606,793,392,469
./Kaggle data set/google_images\8b9e7112-9149-48fb-b8e8-c3e89cce5af0___1074650_10201043987997310_227646612_o.jpg.xml,231,431,252,308
./Kaggle data set/google_images\8c4371ee-a997-4b21-82c4-cb5e767c4d06___kia-sorento-spied-in-India.jpg.xml,231,359,188,215
./Kaggle data set/google_images\8da5183c-275f-4294-a5a8-276e10ac5ad0___3e7fd381-0ae5-4421-8a70-279ee0ec1c61_nissan-terrano-amt_827x510_81478504265.xml,352,551,292,447
./Kaggle data set/google_images\8dbb3ea7-8512-49e4-9ede-d4647e3b7dd2___158712081_5_1000x700_toyota-innova-v-2010-7seat-life-tax-kerala_rev001.jpg.xml,463,558,289,345
./Kaggle data set/google_images\8e0b8c6f-850f-4918-983a-7fa110368d32___banner_4.xml,328,578,202,252
./Kaggle data set/google_images\8edca6de-d964-4027-823d-f70d3f872412___12042943_1003224833031653_9073848483429898813_n.jpg.xml,208,407,156,207
./Kaggle data set/google_images\931dfd5a-3d1f-4a08-9234-0453545e27ea___1297127d1412798792-maruti-ciaz-official-review-imag0627.jpg.xml,155,354,117,178
./Kaggle data set/google_images\936623d4-b47c-4da7-ab2e-6ac3cc63f861___new_216279d1481352986-silver-venom-mahindra-scorpio-s4-2016-ownership-review-wp_20161122_11_19_00_pro.jpg.xml,179,375,117,184
./Kaggle data set/google_images\93b6319a-5886-48d8-8a69-07d586751553___2014-VW-Polo-facelift-first-drive-rear-number-plate.jpg.xml,363,1045,291,556
./Kaggle data set/google_images\93b6ca4e-17cc-4b12-b7f5-66fb37c6107c___number-plate-factory-fitted1.jpg.xml,218,428,144,194
./Kaggle data set/google_images\94c5a151-24b5-493c-a900-017a4353b00c___3e7fd381-0ae5-4421-8a70-279ee0ec1c61_Tata-Tiago-Front-Number-Plates-Design.xml,260,696,234,338
./Kaggle data set/google_images\967ba4a0-eb8e-4734-aa09-c7143d0404b6___39720161008_150234.jpg.xml,161,317,208,250
./Kaggle data set/google_images\97846647-16f1-4ee2-b260-60774a21cc74___new_Maruti-Suzuki-Swift-Dzire-1.jpg.xml,109,253,145,183
./Kaggle data set/google_images\9cad4b47-6c7b-4e30-ab55-b7fa040beb56___135717d1400912281-skoda-rapid-1-6tdi-cr-mt-elegance-ultima-candy-white-white-monster-_mg_2993comp.jpg.xml,66,175,231,260
./Kaggle data set/google_images\9cd75347-8952-40b1-97c5-d628f1b59590___3e7fd381-0ae5-4421-8a70-279ee0ec1c61_Maruti-Swift-Number-Plates-Design.xml,329,856,219,410
./Kaggle data set/google_images\9ea92991-8fdf-4b46-aea1-bf08ecff247c___new_1107433d1373284570-my-modded-skoda-rapid-now-166-bhp-351-nm-119-whp-per-tonne-hdr_00005_normal.jpg.xml,65,245,230,275
./Kaggle data set/google_images\9f7c7dce-f9c9-4c95-a053-8f16e6e99466___new_new-maruti-alto-k10-2_625x300_41414071192.jpg.xml,143,315,164,203
./Kaggle data set/google_images\a1928183-9ebe-40f0-9a84-500aecc61474___2014-Skoda-Superb-facelift-spied-in-India.jpg.xml,419,517,169,214
./Kaggle data set/google_images\a285cdf6-4640-41ee-b3f3-b721f334466f___Skoda-Octavia-RS-launched-in-India-3.jpg.xml,176,348,255,291
./Kaggle data set/google_images\a2d49f53-4121-4627-b5d9-069f8b2f8490___840256171_1_1080x720_maruti-suzuki-wagon-r-vxi-with-abs-minor-2014-petrol-erode.jpg.xml,109,241,226,259
./Kaggle data set/google_images\a2f87691-b9f5-4274-ac5a-8764e9ba282c___1571669d1477648169-your-favourite-number-plate-font-13.jpg.xml,241,1398,209,704
./Kaggle data set/google_images\a34aeb21-ffe8-4357-80d3-8f212c62c816___new_main_cropped.jpg.xml,202,347,110,142
./Kaggle data set/google_images\a508ecb5-bfdd-46ba-8640-bb827b7c089c___Volkswagen-Polo.jpg.xml,565,674,207,238
./Kaggle data set/google_images\a615016b-4d07-46c7-a52b-8d4319fe3a10___3e7fd381-0ae5-4421-8a70-279ee0ec1c61_nissan-terrano-rear-view.xml,301,406,362,390
./Kaggle data set/google_images\a9268f51-fbb4-42c2-b88c-f5ef9f8ead42___2266_7T4G0510.JPG.xml,150,344,251,303
./Kaggle data set/google_images\a95a0d9d-5d40-4abb-bd3e-6c6d94bef5b1___IMG_3310.jpg.xml,138,304,133,182
./Kaggle data set/google_images\a970d6e0-5948-4412-a1ec-67c5240722a8___images-gallery-misc4-250x250.jpg.xml,14,197,28,129
./Kaggle data set/google_images\aa221c22-6600-4f05-9eb9-3676ef0b22e0___69590d1226627898-high-security-number-plates-india-d1.jpg.xml,164,900,255,434
./Kaggle data set/google_images\ab573806-1da7-4ccf-93c8-6082e0cc15c3___1107433d1373284570-my-modded-skoda-rapid-now-166-bhp-351-nm-119-whp-per-tonne-hdr_00005_normal.jpg.xml,636,891,513,578
./Kaggle data set/google_images\acd85f93-544d-494e-b2f3-2d445937bb0b___new_1431956d1446017445-number-plates-merchandise-canvas-ink-gurgaon-edit-closed-thumb_img_4418_1024.jpg.xml,134,388,128,195
./Kaggle data set/google_images\ad1f5cbc-7545-407e-8974-a03ddb7b7779___833542696_1_1080x720_mahindra-scorpio-vlx-4wd-airbag-bs-iv-2012-diesel-.jpg.xml,411,602,420,469
./Kaggle data set/google_images\ae0bb069-0e7e-412a-9473-e8e0d4041cbc___135718d1400912281-skoda-rapid-1-6tdi-cr-mt-elegance-ultima-candy-white-white-monster-_mg_3000comp.jpg.xml,341,423,197,222
./Kaggle data set/google_images\aea95aa0-a000-4103-945d-c173383bd646___3e7fd381-0ae5-4421-8a70-279ee0ec1c61_Nissan-Terrano-11.xml,483,691,195,330
./Kaggle data set/google_images\af058398-67d6-4d0e-a6d9-afc1cb184e5b___3e7fd381-0ae5-4421-8a70-279ee0ec1c61_hqdefault3.xml,146,239,209,245
./Kaggle data set/google_images\af270103-6ed4-4260-9d01-b8be2e2b9af1___skoda-rapid-1.5-tdi-dsg-review.jpg.xml,106,249,154,198
./Kaggle data set/google_images\af36405d-be93-4c8c-b1b2-5a0832535eeb___main-qimg-4caf07f4dfd9e2a2d279ddd54fb91986-c.jpg.xml,121,243,162,201
./Kaggle data set/google_images\af608b5e-07d6-4bcf-84d0-f0cba9e54e12___Skoda-Superb-Rear-Profile.jpg.xml,238,349,187,213
./Kaggle data set/google_images\aff1f53b-3259-44f0-9718-05fb64dc8ba1___Untitled.xml,84,182,140,162
./Kaggle data set/google_images\b117ba53-d563-49c2-806b-343666616815___new_Maruti-Suzuki-recalls-75419-Baleno-cars-1961-DZire-cars-only-AGS-variant-Motown-India-Bureau-2-810.jpg.xml,119,216,116,145
./Kaggle data set/google_images\b176b317-68a9-4c38-ac39-55e5244c9b9c___60653.jpg.xml,456,785,105,234
./Kaggle data set/google_images\b266759c-f9e9-47c1-9042-4c7aef7d441d___1711769d1514801394t-toyota-innova-crysta-2-4-gx-ownership-review-edit-10-000-km-service-done-vs.jpg.xml,125,185,122,156
./Kaggle data set/google_images\b3e82163-400b-4211-bb99-a5b53fb13a25___new_IMG_8883.jpg.xml,43,180,52,85
./Kaggle data set/google_images\b4eb91cd-3e77-40c2-bbe6-13d42f2ea4ba___INNOVA_Euro_Number_Plates.jpg.xml,162,339,151,193
./Kaggle data set/google_images\b5b41a4b-8913-4af6-9419-ac6398d266b0___161893107_2_1000x700_innava-with-fancy-number-upload-photos.jpg.xml,127,261,247,293
./Kaggle data set/google_images\b78259be-7ef5-4499-b9a2-2b8a37660e8b___Maruti-Suzuki-Celerio-Front-Number-Plates-Design.jpg.xml,325,691,288,371
./Kaggle data set/google_images\b78553c7-977e-49a2-b3d2-42825d83c8b0___1557297d1474517501-toyota-innova-crysta-official-review-20160920_191445.jpg.xml,56,220,199,276
./Kaggle data set/google_images\b79f870d-15c7-48e3-8874-7c0e53e29f75___3e7fd381-0ae5-4421-8a70-279ee0ec1c61_754eab882b8290b29a0454dd45580a39_555X416_1 - Copy (2).xml,72,127,127,149
./Kaggle data set/google_images\b79f870d-15c7-48e3-8874-7c0e53e29f75___3e7fd381-0ae5-4421-8a70-279ee0ec1c61_754eab882b8290b29a0454dd45580a39_555X416_1 - Copy (3).xml,237,288,109,126
./Kaggle data set/google_images\b79f870d-15c7-48e3-8874-7c0e53e29f75___3e7fd381-0ae5-4421-8a70-279ee0ec1c61_754eab882b8290b29a0454dd45580a39_555X416_1 - Copy.xml,54,123,135,157
./Kaggle data set/google_images\b79f870d-15c7-48e3-8874-7c0e53e29f75___3e7fd381-0ae5-4421-8a70-279ee0ec1c61_754eab882b8290b29a0454dd45580a39_555X416_1.xml,115,178,123,145
./Kaggle data set/google_images\b7fd8aaa-8621-449f-b99c-f45778f1a25c___3e7fd381-0ae5-4421-8a70-279ee0ec1c61_1208485d1392541449-nissan-terrano-official-review-img_20140215_181507.xml,239,416,799,893
./Kaggle data set/google_images\b9467810-4022-4cf5-87e7-fed0d63c8e2f___new_1658240d1500548920-close-look-2017-skoda-octavia-facelift-hands-free-parking-front-bumper.jpg.xml,163,334,130,175
./Kaggle data set/google_images\ba457a81-cf10-4879-8e8f-3a0a8d10689a___3e7fd381-0ae5-4421-8a70-279ee0ec1c61_hqdefault.xml,181,281,202,223
./Kaggle data set/google_images\bb210ab4-795c-4b2b-9b6e-4597cbc67375___White-2BPlate.xml,164,274,223,247
./Kaggle data set/google_images\bb767d81-73b4-4c47-b619-7efde490b199___3e7fd381-0ae5-4421-8a70-279ee0ec1c61_oem-name0 - Copy.xml,60,104,206,217
./Kaggle data set/google_images\bb767d81-73b4-4c47-b619-7efde490b199___3e7fd381-0ae5-4421-8a70-279ee0ec1c61_oem-name0.xml,254,375,255,288
./Kaggle data set/google_images\bbf22d00-3dd6-4338-b701-264e0c0c0aff___Maruti-Swift-DZire-Photos-1.jpg.xml,191,388,230,276
./Kaggle data set/google_images\bcdc8b42-5dd4-48e2-8104-706440524bfe___hqdefault0.jpg.xml,1,465,63,182
./Kaggle data set/google_images\bd742e42-bacc-430e-b9aa-9df666f5d9b3___kicker-647_010517112446.jpg.xml,202,295,214,241
./Kaggle data set/google_images\bdad5f66-70ad-4241-9a62-bba1123c3486___3e7fd381-0ae5-4421-8a70-279ee0ec1c61_1447945d1449508546t-my-nissan-terrano-85-ps-_img_000000_000000.xml,403,458,276,302
./Kaggle data set/google_images\be483d11-33f0-4c1f-87b6-9844eea28996___1093346d1370435964-take-look-number-plate-photo.jpg.xml,268,389,260,302
./Kaggle data set/google_images\bff789cd-2d58-4399-a55e-33be55f313e3___IMG_0472.jpg.xml,272,482,331,384
./Kaggle data set/google_images\c02b3989-8334-4cf7-b69c-bcd177e209d4___mqdefault.jpg.xml,96,226,19,53
./Kaggle data set/google_images\c03a7106-1fb9-471f-bbb0-2e8f4a29759a___38e7b1109eb976088e1df2f14ac4c08c.jpg - Copy.xml,85,191,257,285
./Kaggle data set/google_images\c03a7106-1fb9-471f-bbb0-2e8f4a29759a___38e7b1109eb976088e1df2f14ac4c08c.jpg.xml,38,73,135,153
./Kaggle data set/google_images\c06d4d42-591f-429e-92b4-20e701f89c14___2014-VW-Polo-facelift-spied-India-rear.jpg.xml,449,648,717,763
./Kaggle data set/google_images\c1d91c5e-128b-41d4-9f9d-ebfbef98b597___High_security_n15816.jpg.xml,18,436,141,289
./Kaggle data set/google_images\c2feb2b7-fbb3-4e1e-ad48-cc8112a1ab3f___Maruti_R3_On_Test.jpg.xml,162,313,213,261
./Kaggle data set/google_images\c30a1535-9d8f-465e-a7f4-aa726f19f0b1___new-maruti-alto-k10-2_625x300_41414071192.jpg.xml,248,419,376,414
./Kaggle data set/google_images\c41652d9-19ae-4a7d-8423-230340ac30bc___Skoda_Laura_DSG_Long_Term_Review-125.jpg.xml,393,595,452,500
./Kaggle data set/google_images\c48f8704-bc40-462a-a595-445b2f2e63fe___new_77cca4b6f3864b3928824a030ba101d2.jpg.xml,51,185,200,231
./Kaggle data set/google_images\c795950c-766a-4a2e-9636-62d663d6f06b___62bf1edb36141f114521ec4bb4175579.jpg.xml,828,877,294,337
./Kaggle data set/google_images\c8a79e91-8c48-42d0-9b80-137fd033493c___automakers-number-plates-nitin-gadkari_827x510_61522653557.jpg.xml,65,158,162,198
./Kaggle data set/google_images\ca18d733-ec53-49d9-87aa-a9f6c52cc7bb___VW-Polo-GT-TSI-badge-on-the-grille.jpg.xml,108,392,226,291
./Kaggle data set/google_images\car-wbs-AP02BP2454_00000.xml,231,358,189,220
./Kaggle data set/google_images\car-wbs-CH01AN0001_00000.xml,283,425,240,281
./Kaggle data set/google_images\car-wbs-DL10CG4693_00000.xml,147,370,100,152
./Kaggle data set/google_images\car-wbs-DL12C3536_00000.xml,1051,2249,934,1307
./Kaggle data set/google_images\car-wbs-DL3CAY2231_00000.xml,292,446,219,253
./Kaggle data set/google_images\car-wbs-DL3CAY9324_00000.xml,300,486,261,304
./Kaggle data set/google_images\car-wbs-DL6CM6683_00000.xml,92,228,328,397
./Kaggle data set/google_images\car-wbs-DL6CM6683_00001.xml,302,406,363,389
./Kaggle data set/google_images\car-wbs-DL7CN5617_00000.xml,146,260,181,207
./Kaggle data set/google_images\car-wbs-DL8CX4850_00000.xml,121,263,198,233
./Kaggle data set/google_images\car-wbs-GJ03JL0126_00000.xml,154,246,142,165
./Kaggle data set/google_images\car-wbs-GJ05JH2501_00000.xml,134,263,237,271
./Kaggle data set/google_images\car-wbs-GJ05JH2501_00001.xml,126,244,297,330
./Kaggle data set/google_images\car-wbs-GJW115A1138_00000.xml,156,338,195,246
./Kaggle data set/google_images\car-wbs-HR11F7575_00000.xml,186,348,344,385
./Kaggle data set/google_images\car-wbs-HR26AZ5927_00000.xml,172,252,193,212
./Kaggle data set/google_images\car-wbs-HR26BA8008_00000.xml,14,198,33,131
./Kaggle data set/google_images\car-wbs-HR26BC5514_00000.xml,165,239,202,220
./Kaggle data set/google_images\car-wbs-HR26BC5514_00001.xml,159,237,221,239
./Kaggle data set/google_images\car-wbs-HR26BP3543_00000.xml,109,252,145,181
./Kaggle data set/google_images\car-wbs-HR26BP3543_00001.xml,190,333,265,302
./Kaggle data set/google_images\car-wbs-HR26BR9044_00000.xml,88,165,110,134
./Kaggle data set/google_images\car-wbs-HR26BU0380_00000.xml,97,160,186,203
./Kaggle data set/google_images\car-wbs-HR26CB1900_00000.xml,166,220,222,236
./Kaggle data set/google_images\car-wbs-HR26CE1485_00000.xml,231,345,280,307
./Kaggle data set/google_images\car-wbs-HR26CH3604_00000.xml,199,352,135,176
./Kaggle data set/google_images\car-wbs-HR26CK8571_00000.xml,384,487,215,246
./Kaggle data set/google_images\car-wbs-HR26CM6005_00000.xml,192,387,226,274
./Kaggle data set/google_images\car-wbs-HR26CR3302_00000.xml,120,216,115,146
./Kaggle data set/google_images\car-wbs-HR26CT4063_00000.xml,133,300,305,353
./Kaggle data set/google_images\car-wbs-HR26CT6702_00000.xml,248,420,378,417
./Kaggle data set/google_images\car-wbs-HR26CT6702_00001.xml,144,314,165,203
./Kaggle data set/google_images\car-wbs-HR26CU6799_00000.xml,233,308,155,179
./Kaggle data set/google_images\car-wbs-HR26DA0471_00000.xml,157,313,228,276
./Kaggle data set/google_images\car-wbs-HR26DA2330_00000.xml,25,144,207,247
./Kaggle data set/google_images\car-wbs-HR26DG6167_00000.xml,218,426,146,192
./Kaggle data set/google_images\car-wbs-HR26U7501_00000.xml,352,572,182,307
./Kaggle data set/google_images\car-wbs-HR51AY9099_00000.xml,192,393,513,551
./Kaggle data set/google_images\car-wbs-HR696969_00000.xml,231,430,254,305
./Kaggle data set/google_images\car-wbs-HR99BJ6662_00000.xml,260,730,203,346
./Kaggle data set/google_images\car-wbs-HR99EX6037_00000.xml,149,343,252,302
./Kaggle data set/google_images\car-wbs-HRDK0830_00000.xml,342,492,241,290
./Kaggle data set/google_images\car-wbs-KA01CA2555_00000.xml,230,417,121,178
./Kaggle data set/google_images\car-wbs-KA031351_00000.xml,219,344,316,351
./Kaggle data set/google_images\car-wbs-KA03MG2784_00000.xml,130,464,169,237
./Kaggle data set/google_images\car-wbs-KA03NA8385_00000.xml,86,183,141,163
./Kaggle data set/google_images\car-wbs-KA04MN3622_00000.xml,197,370,375,413
./Kaggle data set/google_images\car-wbs-KA05MG1909_00000.xml,95,295,101,190
./Kaggle data set/google_images\car-wbs-KA18P2987_00000.xml,1306,1801,1705,1868
./Kaggle data set/google_images\car-wbs-KA29Z999_00000.xml,148,338,222,265
./Kaggle data set/google_images\car-wbs-KA51MJ8156_00000.xml,115,254,285,320
./Kaggle data set/google_images\car-wbs-KL01AX8000_00000.xml,144,302,159,202
./Kaggle data set/google_images\car-wbs-KL01CA2555_00000.xml,231,418,122,179
./Kaggle data set/google_images\car-wbs-KL01CC50_00000.xml,231,434,81,155
./Kaggle data set/google_images\car-wbs-KL01KL0KL01_00000.xml,57,220,201,276
./Kaggle data set/google_images\car-wbs-KL04AL4405_00000.xml,144,340,168,210
./Kaggle data set/google_images\car-wbs-KL05AK3300_00000.xml,337,453,314,347
./Kaggle data set/google_images\car-wbs-KL07CB8599_00000.xml,213,332,139,167
./Kaggle data set/google_images\car-wbs-KL10AV6342_00000.xml,142,336,253,304
./Kaggle data set/google_images\car-wbs-KL10AV6342_00001.xml,118,643,216,413
./Kaggle data set/google_images\car-wbs-KL10AV6633_00000.xml,311,670,429,533
./Kaggle data set/google_images\car-wbs-KL10AW2111_00000.xml,186,336,189,228
./Kaggle data set/google_images\car-wbs-KL10AW2814_00000.xml,304,673,263,347
./Kaggle data set/google_images\car-wbs-KL10AW2814_00001.xml,108,421,186,262
./Kaggle data set/google_images\car-wbs-KL12G7531_00000.xml,663,887,239,300
./Kaggle data set/google_images\car-wbs-KL16J3636_00000.xml,160,324,67,108
./Kaggle data set/google_images\car-wbs-KL20K7561_00000.xml,168,324,162,205
./Kaggle data set/google_images\car-wbs-KL43B2344_00000.xml,162,341,72,116
./Kaggle data set/google_images\car-wbs-KL454455_00000.xml,126,263,7,56
./Kaggle data set/google_images\car-wbs-KL53E964_00000.xml,258,484,389,462
./Kaggle data set/google_images\car-wbs-KL54A2670_00000.xml,63,159,87,113
./Kaggle data set/google_images\car-wbs-KL54H369_00000.xml,294,546,485,546
./Kaggle data set/google_images\car-wbs-KL55R2473_00000.xml,137,334,157,205
./Kaggle data set/google_images\car-wbs-KL60N5344_00000.xml,16,151,145,177
./Kaggle data set/google_images\car-wbs-KL60N5344_00001.xml,178,313,235,267
./Kaggle data set/google_images\car-wbs-KL65H4383_00000.xml,256,696,235,340
./Kaggle data set/google_images\car-wbs-MH01AE8017_00000.xml,16,434,22,174
./Kaggle data set/google_images\car-wbs-MH01AR5274_00000.xml,96,199,96,121
./Kaggle data set/google_images\car-wbs-MH01AV8866_00000.xml,144,252,181,203
./Kaggle data set/google_images\car-wbs-MH01BU5207_00000.xml,148,382,150,211
./Kaggle data set/google_images\car-wbs-MH02BM5048_00000.xml,162,316,60,100
./Kaggle data set/google_images\car-wbs-MH02CB4545_00000.xml,86,257,199,259
./Kaggle data set/google_images\car-wbs-MH03BS7778_00000.xml,136,389,103,170
./Kaggle data set/google_images\car-wbs-MH03BS7778_00001.xml,300,554,313,383
./Kaggle data set/google_images\car-wbs-MH03BS7778_00002.xml,255,472,421,466
./Kaggle data set/google_images\car-wbs-MH03CB6467_00000.xml,82,230,237,270
./Kaggle data set/google_images\car-wbs-MH04DW8351_00000.xml,129,277,177,213
./Kaggle data set/google_images\car-wbs-MH06AW8929_00000.xml,28,161,174,231
./Kaggle data set/google_images\car-wbs-MH06AW8929_00001.xml,192,364,131,179
./Kaggle data set/google_images\car-wbs-MH12BG7237_00000.xml,54,208,77,112
./Kaggle data set/google_images\car-wbs-MH12DE1433_00000.xml,157,286,139,185
./Kaggle data set/google_images\car-wbs-MH12DE1433_00001.xml,168,905,128,314
./Kaggle data set/google_images\car-wbs-MH12JC2813_00000.xml,136,343,157,205
./Kaggle data set/google_images\car-wbs-MH12NE8922_00000.xml,49,176,124,161
./Kaggle data set/google_images\car-wbs-MH14DT8831_00000.xml,30,345,30,109
./Kaggle data set/google_images\car-wbs-MH14DX9937_00000.xml,226,322,168,205
./Kaggle data set/google_images\car-wbs-MH14EH5819_00000.xml,298,403,195,226
./Kaggle data set/google_images\car-wbs-MH14EH7958_00000.xml,229,409,331,373
./Kaggle data set/google_images\car-wbs-MH14EH7958_00001.xml,78,248,74,112
./Kaggle data set/google_images\car-wbs-MH14EP4660_00000.xml,103,221,174,204
./Kaggle data set/google_images\car-wbs-MH14EU3498_00000.xml,63,276,94,146
./Kaggle data set/google_images\car-wbs-MH15BD8877_00000.xml,97,201,181,209
./Kaggle data set/google_images\car-wbs-MH20BN3525_00000.xml,112,286,199,239
./Kaggle data set/google_images\car-wbs-MH20BN3525_00001.xml,163,364,238,284
./Kaggle data set/google_images\car-wbs-MH20BQ20_00000.xml,144,322,113,162
./Kaggle data set/google_images\car-wbs-MH20BY3665_00000.xml,185,323,115,147
./Kaggle data set/google_images\car-wbs-MH20BY3665_00001.xml,43,179,14,43
./Kaggle data set/google_images\car-wbs-MH20BY4465_00000.xml,62,138,130,154
./Kaggle data set/google_images\car-wbs-MH20CS1938_00000.xml,115,176,135,155
./Kaggle data set/google_images\car-wbs-MH20CS1941_00000.xml,111,226,183,209
./Kaggle data set/google_images\car-wbs-MH20CS1941_00001.xml,214,425,124,167
./Kaggle data set/google_images\car-wbs-MH20CS4946_00000.xml,167,276,175,198
./Kaggle data set/google_images\car-wbs-MH20CS9817_00000.xml,68,252,85,128
./Kaggle data set/google_images\car-wbs-MH20DJ0419_00000.xml,34,174,155,198
./Kaggle data set/google_images\car-wbs-MH20DV2362_00000.xml,23,208,144,174
./Kaggle data set/google_images\car-wbs-MH20EE045_00000.xml,170,305,115,148
./Kaggle data set/google_images\car-wbs-MH20EE0943_00000.xml,104,231,279,312
./Kaggle data set/google_images\car-wbs-MH20EE7597_00000.xml,523,1775,983,1280
./Kaggle data set/google_images\car-wbs-MH20EE7598_00000.xml,127,279,160,208
./Kaggle data set/google_images\car-wbs-MH20EE7598_00001.xml,59,212,237,274
./Kaggle data set/google_images\car-wbs-MH20EJ0364_00000.xml,53,205,152,192
./Kaggle data set/google_images\car-wbs-MH21V9926_00000.xml,101,223,357,386
./Kaggle data set/google_images\car-wbs-MH46X9996_00000.xml,126,265,317,353
./Kaggle data set/google_images\car-wbs-PB08CX2959_00000.xml,95,310,420,475
./Kaggle data set/google_images\car-wbs-RJ02CC0784_00000.xml,70,166,262,284
./Kaggle data set/google_images\car-wbs-TN07BU5427_00000.xml,18,202,230,275
./Kaggle data set/google_images\car-wbs-TN07BU5427_00001.xml,123,373,518,578
./Kaggle data set/google_images\car-wbs-TN07BV5200_00000.xml,66,238,360,406
./Kaggle data set/google_images\car-wbs-TN09CH7770_00000.xml,120,235,19,54
./Kaggle data set/google_images\car-wbs-TN19S4523_00000.xml,152,214,181,194
./Kaggle data set/google_images\car-wbs-TN21AT0479_00000.xml,225,301,312,337
./Kaggle data set/google_images\car-wbs-TN21AT0480_00000.xml,186,390,321,373
./Kaggle data set/google_images\car-wbs-TN21AT0480_00001.xml,102,239,323,371
./Kaggle data set/google_images\car-wbs-TN21AT0492_00000.xml,420,590,324,414
./Kaggle data set/google_images\car-wbs-TN21AU1153_00000.xml,65,136,216,244
./Kaggle data set/google_images\car-wbs-TN21BC6225_00000.xml,42,146,120,146
./Kaggle data set/google_images\car-wbs-TN21BY0166_00000.xml,98,147,102,132
./Kaggle data set/google_images\car-wbs-TN21BZ0768_00000.xml,117,190,204,229
./Kaggle data set/google_images\car-wbs-TN21BZ0768_00001.xml,79,121,116,128
./Kaggle data set/google_images\car-wbs-TN28BA9999_00000.xml,188,375,422,464
./Kaggle data set/google_images\car-wbs-TN37CR4019_00000.xml,101,295,270,362
./Kaggle data set/google_images\car-wbs-TN38BW1139_00000.xml,41,305,134,200
./Kaggle data set/google_images\car-wbs-TN38BY4191_00000.xml,97,228,226,258
./Kaggle data set/google_images\car-wbs-TN42R2697_00000.xml,7,526,79,187
./Kaggle data set/google_images\car-wbs-TN45BA1065_00000.xml,94,194,85,109
./Kaggle data set/google_images\car-wbs-TN52U1580_00000.xml,40,252,241,295
./Kaggle data set/google_images\car-wbs-TN58AM1_00000.xml,170,372,390,441
./Kaggle data set/google_images\car-wbs-TN59BE0939_00000.xml,209,325,463,487
./Kaggle data set/google_images\car-wbs-TN66U8215_00000.xml,52,401,89,176
./Kaggle data set/google_images\car-wbs-TN74AH1413_00000.xml,41,149,224,251
./Kaggle data set/google_images\car-wbs-TN74AL5074_00000.xml,179,375,116,184
./Kaggle data set/google_images\car-wbs-TN74F3339_00000.xml,231,310,187,212
./Kaggle data set/google_images\car-wbs-TN99F2378_00000.xml,83,242,25,64
./Kaggle data set/google_images\car-wbs-TS08ER1643_00000.xml,1,466,27,147
./Kaggle data set/google_images\car-wbs-UP16CT2233_00000.xml,180,343,586,619
./Kaggle data set/google_images\car-wbs-UP32FH2653_00000.xml,311,442,304,357
./Kaggle data set/google_images\car-wbs-UP50AS4535_00000.xml,397,613,428,489
./Kaggle data set/google_images\car-wbs-WB74X7605_00000.xml,84,165,122,160
./Kaggle data set/google_images\cbd81ff4-fc2a-4cd5-bed6-0fef4c456caa___226616d1495986750-zoomcar-review-mahindra-scorpio-s4-09-pamban.jpg.xml,807,1088,748,846
./Kaggle data set/google_images\cc80e5c6-2cb7-40f7-a072-3f4cb5a56c65___Dileep_Car_Innova_1.jpg.xml,424,896,762,937
./Kaggle data set/google_images\cd506968-8676-4df3-9150-d1c2e618f4c2___3e7fd381-0ae5-4421-8a70-279ee0ec1c61_nissan-note-india-testing_827x510_81508219864.xml,345,578,269,328
./Kaggle data set/google_images\cf011553-f802-4b11-99ec-6e03d731b646___new_2014-VW-Polo-facelift-spied-India-rear.jpg.xml,197,375,320,357
./Kaggle data set/google_images\d1115e64-987f-4a72-b9bb-853f67ca37b6___new_2014-Volkswagen-Polo-Review.jpg.xml,159,329,259,297
./Kaggle data set/google_images\d16041c1-831d-4cc9-8869-68be8b6e12d7___slider-new-2.jpg.xml,809,1031,240,301
./Kaggle data set/google_images\d3d2cbaa-f24a-4cb7-a236-53fa514816b4___new_2017-Skoda-Rapid-Diesel-DSG-Review-6.jpg.xml,244,378,114,149
./Kaggle data set/google_images\d4bec046-caac-4e59-bd05-44de2232d83b___2017-Skoda-Octavia-Front.jpg.xml,215,345,148,192
./Kaggle data set/google_images\d5ddd1e6-56ca-4991-994e-cb78fe836a47___3e7fd381-0ae5-4421-8a70-279ee0ec1c61_2013-Nissan-Terrano-Review.xml,451,592,343,391
./Kaggle data set/google_images\d779f6f0-5731-48ed-bd43-836a3f7f2013___product-500x5000.xml,230,418,121,179
./Kaggle data set/google_images\d88b7b9c-a4f4-4af6-af3d-b3017e114e0d___146292-maruti-suzuki-wagon-r-stingray-vxi-ownership-review-dsc_01691.jpg.xml,169,416,210,267
./Kaggle data set/google_images\d9023f53-f90d-4b98-bd52-30796777ddcf___Maruti-Suzuki-Baleno-hatchback-56545.jpg.xml,224,307,156,182
./Kaggle data set/google_images\db4f467d-2d9e-4567-ab68-fce4a8689562___maxresdefault7.jpg.xml,1023,1263,605,678
./Kaggle data set/google_images\dc8bb609-7086-431b-9c8b-9520975dabd2___822716205_6_1080x720_maruti-suzuki-ciaz-make-year-2014-petrol-.jpg.xml,214,331,134,167
./Kaggle data set/google_images\dd58e02d-51a5-4bfd-87af-ff51c576086e___2014-mahindra-scorpio-suv-10.jpg.xml,645,840,456,548
./Kaggle data set/google_images\df2f7a76-d701-468f-b54a-c5d63d13b349___CM-Akhilesh-Number-Plate.jpg.xml,308,567,196,272
./Kaggle data set/google_images\dfafd4ef-5592-41d9-9cbb-fa6a4e03831e___IMG_9082.jpg.xml,202,609,88,183
./Kaggle data set/google_images\dfebb432-82cd-4154-b919-0d8be2c0d85a___5e4697c6f639f3f341b2feb170d72795af3fc998.jpg.xml,142,320,197,249
./Kaggle data set/google_images\dfedf2ad-6596-48d4-a7f6-171e55c8f637___1160575d1383218860-high-security-registration-plates-hsrp-india-wp_20131030_16_01_22_pro.jpg.xml,682,935,378,581
./Kaggle data set/google_images\e1d7921f-5e58-46c7-b4f9-9fd4585508f1___IMG_9072.jpg.xml,444,640,262,346
./Kaggle data set/google_images\e204c50d-b861-4f68-827f-575351d150b4___Maruti-Baleno-RS-4.jpg.xml,24,143,208,247
./Kaggle data set/google_images\e29b6eea-504a-4da2-8503-5bd3443f3bd8___maruti-suzuki-wagon-r-front-left-rim.jpg.xml,119,185,104,131
./Kaggle data set/google_images\e354039f-d73c-4f12-9df5-f0129345fa79___scorpio.JPG.xml,152,252,194,218
./Kaggle data set/google_images\e4907f73-1fbc-412c-a766-9c81bb31449c___2016-Chevrolet-TrailBlazer-India-Test-Drive-Review-e1442832290349.jpg.xml,62,175,299,334
./Kaggle data set/google_images\e53076d3-c3b7-47b8-8c63-30a08b8ad983___40213__Maruti_Suzuki_Swift--016.JPG.xml,160,331,260,300
./Kaggle data set/google_images\e54fb93b-020f-4c55-b4db-86e17ba9b9e0___2014-VW-Polo-facelift-rear-spotted-testing-in-Pune-India.jpg.xml,135,195,206,224
./Kaggle data set/google_images\e663fa35-ce3c-401d-8451-30edd236b3e4___maxresdefault2.jpg.xml,374,753,266,442
./Kaggle data set/google_images\e706cec0-783a-42bc-b934-64788481cd92___4-Innova-After-2.jpg.xml,175,323,177,212
./Kaggle data set/google_images\e719f39b-e8dd-4fe0-9a41-71123932a486___226676869_4_1000x700_maruti-suzuki-wagon-r-duo-petrol-120000-kms-2007-year-cars_rev001.jpg.xml,134,277,215,253
./Kaggle data set/google_images\e750b959-1b5a-41bf-bf64-d8099089e909___3e7fd381-0ae5-4421-8a70-279ee0ec1c61_Nissan-Terrano-Duster-launch-dare-pics-price-interiors-images-1.xml,301,563,354,433
./Kaggle data set/google_images\e77e5db3-2bc6-4223-a258-2334256be65e___new_205356-maruti-swift-torque-blue-vdi-ddis-glistening-rockstar-enters-home-img_7531.jpg.xml,115,376,133,199
./Kaggle data set/google_images\e7a86597-7251-4e9b-9469-cd873fe6736f___Honda-Jazz-Number-Plates-Designs.jpg.xml,180,432,127,252
./Kaggle data set/google_images\e82fc408-a209-4221-9f6d-742b4b9d4c70___3e7fd381-0ae5-4421-8a70-279ee0ec1c61_848803268_2_1080x720_nissan-terrano-xl-d-plus-2014-diesel-upload-photos.xml,309,442,303,356
./Kaggle data set/google_images\ec4bde57-11dd-4d59-96ae-b5d3b28afda5___Maruti-Suzuki-Celerio-Back-Number-Plates-Design.jpg.xml,110,418,190,261
./Kaggle data set/google_images\ed6ee171-691a-4563-a79d-4f47d8ce9f85___Maruti-Suzuki-SCross-Exterior-80675.jpg.xml,124,400,270,331
./Kaggle data set/google_images\ed9cd3b2-76a2-4cc8-9e4e-76d50ad1ff68___maruti-suzuki-wagon-r-hood-open-view.jpg.xml,122,226,265,290
./Kaggle data set/google_images\ef2dc97f-bc6d-49a3-9ddb-03f54f3a20e7___Skoda-Rapid-new-Exterior-84398.jpg.xml,211,339,278,309
./Kaggle data set/google_images\f16274c4-0d3d-4c85-9dcc-5ac71734b281___speedex-number-plates-nandanam-chennai-car-number-plate-dealers-1ofla74.jpg.xml,176,564,214,322
./Kaggle data set/google_images\f20708c6-14cd-46ff-b8f1-6faef5fd8d2d___3e7fd381-0ae5-4421-8a70-279ee0ec1c61_Nissan-Terrano-20346.xml,153,412,230,296
./Kaggle data set/google_images\f265077a-611f-4a18-abe5-46518b1756e6___1232700-take-look-number-plate-uploadfromtaptalk1398055489406.jpg.xml,357,495,375,432
./Kaggle data set/google_images\f59d42f8-dc55-4b60-bb91-c2db3644f2ff___841309873_1_1080x720_mahindra-scorpio-vlx-airbags-bs-iii-2012-diesel-.jpg.xml,387,592,395,442
./Kaggle data set/google_images\f5bbb8da-dddd-47ae-a46c-15492f9cf752___3e7fd381-0ae5-4421-8a70-279ee0ec1c61_10187746544_0c0822790e - Copy.xml,104,155,185,197
./Kaggle data set/google_images\f5bbb8da-dddd-47ae-a46c-15492f9cf752___3e7fd381-0ae5-4421-8a70-279ee0ec1c61_10187746544_0c0822790e.xml,113,135,205,220
./Kaggle data set/google_images\f685e6cf-3a12-42ac-94d7-28cdf129b266___maxresdefault1.jpg.xml,18,415,19,488
./Kaggle data set/google_images\f7621229-eebc-4dff-aef8-e79fac571be4___Skoda-Octavia-5.jpg.xml,185,247,209,231
./Kaggle data set/google_images\f7ba7a93-e8d7-4253-b327-d87e3f2bb747___3e7fd381-0ae5-4421-8a70-279ee0ec1c61_2013-Nissan-Terrano-Rear.xml,637,793,308,365
./Kaggle data set/google_images\f8a992cc-a1cc-4d68-88c1-bec1a46fc148___Honda-City-Number-Plates-Design.jpg.xml,181,385,359,413
./Kaggle data set/google_images\f94e9bcf-ec4a-418a-8685-14b71b82a039___3e7fd381-0ae5-4421-8a70-279ee0ec1c61_848126147_1_1080x720_nissan-terrano-xl-d-plus-2014-diesel-surat.xml,128,243,299,329
./Kaggle data set/google_images\f9e27b82-9e65-44ba-bf9a-b3ced8901937___Skoda-Superb-Exterior-deadfront-69204.jpg.xml,202,389,191,225
./Kaggle data set/google_images\fac9f4e6-c4b9-4872-86da-79d58ea2adc5___5273.jpg - Copy.xml,94,172,219,236
./Kaggle data set/google_images\fac9f4e6-c4b9-4872-86da-79d58ea2adc5___5273.jpg.xml,137,211,152,173
./Kaggle data set/google_images\fb939bb1-5257-4879-bafb-539472ffb73d___Maruti-Suzuki-Brezza-Number-Plates-Design.jpg.xml,187,336,214,253
./Kaggle data set/google_images\fbb2b3ed-4db1-4d4c-8d4d-4b80b02bfd2a___3e7fd381-0ae5-4421-8a70-279ee0ec1c61_01640f5edbbfb564a9ab6486b31d1554_large.xml,98,148,106,119
./Kaggle data set/google_images\fbc107b7-13d8-4a2d-b8be-7c96bd7d609c___new_9214a754343030395508e104d7948167_large.jpg.xml,107,280,347,387
./Kaggle data set/google_images\fc1f58f0-2f54-4545-8915-2936d08dcce1___new_Skoda_Laura_DSG_Long_Term_Review-125.jpg.xml,179,352,235,274
./Kaggle data set/google_images\fcabfaf7-160a-44bc-a543-9faee4c1c4cd___Honda-Jazz-Front-Number-Plates-Designs.jpg.xml,57,600,82,187
./Kaggle data set/google_images\fd0140cc-e887-43b8-a439-24877ea77670___Maruti-Suzuki-Baleno-Number-Plates-Design.jpg.xml,150,370,131,189
./Kaggle data set/google_images\fda5760a-c6ff-43a9-8ce7-61e808f109ea___3e7fd381-0ae5-4421-8a70-279ee0ec1c61_nissan_terrano_ii_nissan_terrano_ii_2_7_tdi_se_4x4_3330085523722771900.xml,468,547,287,349
./Kaggle data set/google_images\fe3c95e4-7bd4-40f5-98a9-9fc635957d9c___3e7fd381-0ae5-4421-8a70-279ee0ec1c61_Baleno-Number-Plates-Design.xml,312,670,431,535
